{
    "hand": {
        "name": "Empty_RightHand",
        "location": [
            -0.0806032195687294,
            -0.23913203179836273,
            1.3950762748718262
        ],
        "rotation": [
            1.919862151145935,
            -1.577717334555473e-08,
            1.5707963705062866
        ]
    },
    "forearm": {
        "name": "Empty_RightForearm",
        "location": [
            -0.21443715691566467,
            -0.23457644879817963,
            1.2543011903762817
        ],
        "rotation": [
            0.6547497510910034,
            -0.6082587838172913,
            0.5302780270576477
        ]
    },
    "arm": {
        "name": "Empty_RightArm",
        "location": [
            -0.2537428140640259,
            -0.17951154708862305,
            1.0905150175094604
        ],
        "rotation": [
            0.0,
            0.0,
            0.0
        ]
    }
}