{
    "hand": {
        "name": "Empty_RightHand",
        "location": [
            -0.10000000149011612,
            -0.23999999463558197,
            1.399999976158142
        ],
        "rotation": [
            1.5707963705062866,
            -0.0,
            1.5707963705062866
        ]
    },
    "forearm": {
        "name": "Empty_RightForearm",
        "location": [
            -0.20999999344348907,
            -0.14000000059604645,
            1.2200000286102295
        ],
        "rotation": [
            1.186823844909668,
            0.48869219422340393,
            0.48869219422340393
        ]
    },
    "arm": {
        "name": "Empty_RightArm",
        "location": [
            -0.20999999344348907,
            -0.14000000059604645,
            1.2200000286102295
        ],
        "rotation": [
            0.0,
            0.0,
            0.0
        ]
    }
}