{
    "fingers": {
        "Empty_RightHandThumb1": {
            "location": [
                -0.04825172573328018,
                -0.2716611921787262,
                1.4433094263076782
            ],
            "rotation": [
                1.0587910578501306e-22,
                1.058791120959003e-22,
                -1.5707961320877075
            ]
        },
        "Empty_RightHandThumb2": {
            "location": [
                -0.04479566216468811,
                -0.2948826849460602,
                1.461236596107483
            ],
            "rotation": [
                1.0587910578501306e-22,
                1.058791120959003e-22,
                -1.5707961320877075
            ]
        },
        "Empty_RightHandThumb3": {
            "location": [
                -0.05228305235505104,
                -0.3150104582309723,
                1.4761654138565063
            ],
            "rotation": [
                1.0587910578501306e-22,
                1.058791120959003e-22,
                -1.5707961320877075
            ]
        },
        "Empty_RightHandIndex1": {
            "location": [
                -0.05636608228087425,
                -0.2657938003540039,
                1.4926912784576416
            ],
            "rotation": [
                1.0587910578501306e-22,
                1.058791120959003e-22,
                -1.5707961320877075
            ]
        },
        "Empty_RightHandIndex2": {
            "location": [
                -0.0598909966647625,
                -0.29312166571617126,
                1.4885402917861938
            ],
            "rotation": [
                1.0587910578501306e-22,
                1.058791120959003e-22,
                -1.5707961320877075
            ]
        },
        "Empty_RightHandIndex3": {
            "location": [
                -0.06199759989976883,
                -0.3158806562423706,
                1.4789958000183105
            ],
            "rotation": [
                1.0587910578501306e-22,
                1.058791120959003e-22,
                -1.5707961320877075
            ]
        },
        "Empty_RightHandMiddle1": {
            "location": [
                -0.07443027198314667,
                -0.26435384154319763,
                1.498558759689331
            ],
            "rotation": [
                1.0587910578501306e-22,
                1.058791120959003e-22,
                -1.5707961320877075
            ]
        },
        "Empty_RightHandMiddle2": {
            "location": [
                -0.07498708367347717,
                -0.2940252721309662,
                1.4919731616973877
            ],
            "rotation": [
                1.0587910578501306e-22,
                1.058791120959003e-22,
                -1.5707961320877075
            ]
        },
        "Empty_RightHandMiddle3": {
            "location": [
                -0.07519684731960297,
                -0.31468066573143005,
                1.4753613471984863
            ],
            "rotation": [
                1.0587910578501306e-22,
                1.058791120959003e-22,
                -1.5707961320877075
            ]
        },
        "Empty_RightHandRing1": {
            "location": [
                -0.09108345210552216,
                -0.2620621919631958,
                1.4908405542373657
            ],
            "rotation": [
                1.0587910578501306e-22,
                1.058791120959003e-22,
                -1.5707961320877075
            ]
        },
        "Empty_RightHandRing2": {
            "location": [
                -0.08956608921289444,
                -0.2883390784263611,
                1.4877196550369263
            ],
            "rotation": [
                1.0587910578501306e-22,
                1.058791120959003e-22,
                -1.5707961320877075
            ]
        },
        "Empty_RightHandRing3": {
            "location": [
                -0.08739916980266571,
                -0.3078264594078064,
                1.4784785509109497
            ],
            "rotation": [
                1.0587910578501306e-22,
                1.058791120959003e-22,
                -1.5707961320877075
            ]
        },
        "Empty_RightHandPinky1": {
            "location": [
                -0.105399489402771,
                -0.26490578055381775,
                1.4808375835418701
            ],
            "rotation": [
                1.0587910578501306e-22,
                1.058791120959003e-22,
                -1.5707961320877075
            ]
        },
        "Empty_RightHandPinky2": {
            "location": [
                -0.10190454870462418,
                -0.2854219377040863,
                1.4813936948776245
            ],
            "rotation": [
                1.0587910578501306e-22,
                1.058791120959003e-22,
                -1.5707961320877075
            ]
        },
        "Empty_RightHandPinky3": {
            "location": [
                -0.09881249815225601,
                -0.30321720242500305,
                1.4779503345489502
            ],
            "rotation": [
                1.0587910578501306e-22,
                1.058791120959003e-22,
                -1.5707961320877075
            ]
        }
    }
}