{
    "fingers": {
        "Empty_RightHandThumb1": {
            "location": [
                -0.04754137620329857,
                -0.267553448677063,
                1.4461696147918701
            ],
            "rotation": [
                1.0587910578501306e-22,
                1.058791120959003e-22,
                -1.5707961320877075
            ]
        },
        "Empty_RightHandThumb2": {
            "location": [
                -0.04819811135530472,
                -0.2935597002506256,
                1.460079550743103
            ],
            "rotation": [
                1.0587910578501306e-22,
                1.058791120959003e-22,
                -1.5707961320877075
            ]
        },
        "Empty_RightHandThumb3": {
            "location": [
                -0.06679566949605942,
                -0.3087974488735199,
                1.4726780652999878
            ],
            "rotation": [
                1.0587910578501306e-22,
                1.058791120959003e-22,
                -1.5707961320877075
            ]
        },
        "Empty_RightHandIndex1": {
            "location": [
                -0.057655882090330124,
                -0.2680777609348297,
                1.4855986833572388
            ],
            "rotation": [
                1.0587910578501306e-22,
                1.058791120959003e-22,
                -1.5707961320877075
            ]
        },
        "Empty_RightHandIndex2": {
            "location": [
                -0.0598909966647625,
                -0.295780211687088,
                1.4838961362838745
            ],
            "rotation": [
                1.0587910578501306e-22,
                1.058791120959003e-22,
                -1.5707961320877075
            ]
        },
        "Empty_RightHandIndex3": {
            "location": [
                -0.06199759989976883,
                -0.3204186260700226,
                1.4804648160934448
            ],
            "rotation": [
                1.0587910578501306e-22,
                1.058791120959003e-22,
                -1.5707961320877075
            ]
        },
        "Empty_RightHandMiddle1": {
            "location": [
                -0.07443027198314667,
                -0.2687586843967438,
                1.4880367517471313
            ],
            "rotation": [
                1.0587910578501306e-22,
                1.058791120959003e-22,
                -1.5707961320877075
            ]
        },
        "Empty_RightHandMiddle2": {
            "location": [
                -0.07498708367347717,
                -0.2988617420196533,
                1.4836851358413696
            ],
            "rotation": [
                1.0587910578501306e-22,
                1.058791120959003e-22,
                -1.5707961320877075
            ]
        },
        "Empty_RightHandMiddle3": {
            "location": [
                -0.07519684731960297,
                -0.3241375982761383,
                1.474496603012085
            ],
            "rotation": [
                1.0587910578501306e-22,
                1.058791120959003e-22,
                -1.5707961320877075
            ]
        },
        "Empty_RightHandRing1": {
            "location": [
                -0.0927724689245224,
                -0.2637985646724701,
                1.483425498008728
            ],
            "rotation": [
                1.0587910578501306e-22,
                1.058791120959003e-22,
                -1.5707961320877075
            ]
        },
        "Empty_RightHandRing2": {
            "location": [
                -0.08718611299991608,
                -0.266928106546402,
                1.4592400789260864
            ],
            "rotation": [
                1.0587910578501306e-22,
                1.058791120959003e-22,
                -1.5707961320877075
            ]
        },
        "Empty_RightHandRing3": {
            "location": [
                -0.07471106201410294,
                -0.24834305047988892,
                1.4674763679504395
            ],
            "rotation": [
                1.0587910578501306e-22,
                1.058791120959003e-22,
                -1.5707961320877075
            ]
        },
        "Empty_RightHandPinky1": {
            "location": [
                -0.10581578314304352,
                -0.26589447259902954,
                1.4722344875335693
            ],
            "rotation": [
                1.0587910578501306e-22,
                1.058791120959003e-22,
                -1.5707961320877075
            ]
        },
        "Empty_RightHandPinky2": {
            "location": [
                -0.10248032957315445,
                -0.2612903416156769,
                1.4601283073425293
            ],
            "rotation": [
                1.0587910578501306e-22,
                1.058791120959003e-22,
                -1.5707961320877075
            ]
        },
        "Empty_RightHandPinky3": {
            "location": [
                -0.10082118213176727,
                -0.25052693486213684,
                1.4676108360290527
            ],
            "rotation": [
                1.0587910578501306e-22,
                1.058791120959003e-22,
                -1.5707961320877075
            ]
        }
    }
}