{
    "fingers": {
        "Empty_RightHandThumb1": {
            "location": [
                -0.028301434591412544,
                -0.25663524866104126,
                1.4395815134048462
            ],
            "rotation": [
                1.0587910578501306e-22,
                1.058791120959003e-22,
                -1.5707961320877075
            ]
        },
        "Empty_RightHandThumb2": {
            "location": [
                0.002170915249735117,
                -0.2586438059806824,
                1.4457871913909912
            ],
            "rotation": [
                1.0587910578501306e-22,
                1.058791120959003e-22,
                -1.5707961320877075
            ]
        },
        "Empty_RightHandThumb3": {
            "location": [
                0.027151839807629585,
                -0.2602725327014923,
                1.4522656202316284
            ],
            "rotation": [
                1.0587910578501306e-22,
                1.058791120959003e-22,
                -1.5707961320877075
            ]
        },
        "Empty_RightHandIndex1": {
            "location": [
                -0.057671189308166504,
                -0.27023524045944214,
                1.4701000452041626
            ],
            "rotation": [
                1.0587910578501306e-22,
                1.058791120959003e-22,
                -1.5707961320877075
            ]
        },
        "Empty_RightHandIndex2": {
            "location": [
                -0.059471189975738525,
                -0.26383525133132935,
                1.4429999589920044
            ],
            "rotation": [
                1.0587910578501306e-22,
                1.058791120959003e-22,
                -1.5707961320877075
            ]
        },
        "Empty_RightHandIndex3": {
            "location": [
                -0.060971200466156006,
                -0.2479352504014969,
                1.461899995803833
            ],
            "rotation": [
                1.0587910578501306e-22,
                1.058791120959003e-22,
                -1.5707961320877075
            ]
        },
        "Empty_RightHandMiddle1": {
            "location": [
                -0.07647119462490082,
                -0.2697352468967438,
                1.4700000286102295
            ],
            "rotation": [
                1.0587910578501306e-22,
                1.058791120959003e-22,
                -1.5707961320877075
            ]
        },
        "Empty_RightHandMiddle2": {
            "location": [
                -0.07607118785381317,
                -0.26153525710105896,
                1.4407000541687012
            ],
            "rotation": [
                1.0587910578501306e-22,
                1.058791120959003e-22,
                -1.5707961320877075
            ]
        },
        "Empty_RightHandMiddle3": {
            "location": [
                -0.07647119462490082,
                -0.24853524565696716,
                1.4642000198364258
            ],
            "rotation": [
                1.0587910578501306e-22,
                1.058791120959003e-22,
                -1.5707961320877075
            ]
        },
        "Empty_RightHandRing1": {
            "location": [
                -0.09387120604515076,
                -0.2628352642059326,
                1.4680999517440796
            ],
            "rotation": [
                1.0587910578501306e-22,
                1.058791120959003e-22,
                -1.5707961320877075
            ]
        },
        "Empty_RightHandRing2": {
            "location": [
                -0.09137119352817535,
                -0.266035258769989,
                1.4457000494003296
            ],
            "rotation": [
                1.0587910578501306e-22,
                1.058791120959003e-22,
                -1.5707961320877075
            ]
        },
        "Empty_RightHandRing3": {
            "location": [
                -0.09397119283676147,
                -0.24693524837493896,
                1.4556000232696533
            ],
            "rotation": [
                1.0587910578501306e-22,
                1.058791120959003e-22,
                -1.5707961320877075
            ]
        },
        "Empty_RightHandPinky1": {
            "location": [
                -0.10947120189666748,
                -0.2652352452278137,
                1.4600000381469727
            ],
            "rotation": [
                1.0587910578501306e-22,
                1.058791120959003e-22,
                -1.5707961320877075
            ]
        },
        "Empty_RightHandPinky2": {
            "location": [
                -0.1047711968421936,
                -0.2583352327346802,
                1.440600037574768
            ],
            "rotation": [
                1.0587910578501306e-22,
                1.058791120959003e-22,
                -1.5707961320877075
            ]
        },
        "Empty_RightHandPinky3": {
            "location": [
                -0.10437119007110596,
                -0.2495352327823639,
                1.4567999839782715
            ],
            "rotation": [
                1.0587910578501306e-22,
                1.058791120959003e-22,
                -1.5707961320877075
            ]
        }
    }
}