{
    "fingers": {
        "Empty_RightHandThumb1": {
            "location": [
                -0.04798208549618721,
                -0.27499300241470337,
                1.439833641052246
            ],
            "rotation": [
                1.0587910578501306e-22,
                1.058791120959003e-22,
                -1.5707961320877075
            ]
        },
        "Empty_RightHandThumb2": {
            "location": [
                -0.06550725549459457,
                -0.2858179807662964,
                1.454630732536316
            ],
            "rotation": [
                1.0587910578501306e-22,
                1.058791120959003e-22,
                -1.5707961320877075
            ]
        },
        "Empty_RightHandThumb3": {
            "location": [
                -0.09238433837890625,
                -0.2852853238582611,
                1.4584336280822754
            ],
            "rotation": [
                1.0587910578501306e-22,
                1.058791120959003e-22,
                -1.5707961320877075
            ]
        },
        "Empty_RightHandIndex1": {
            "location": [
                -0.05193367227911949,
                -0.26770448684692383,
                1.4912469387054443
            ],
            "rotation": [
                1.0587910578501306e-22,
                1.058791120959003e-22,
                -1.5707961320877075
            ]
        },
        "Empty_RightHandIndex2": {
            "location": [
                -0.055590514093637466,
                -0.29405707120895386,
                1.4923261404037476
            ],
            "rotation": [
                1.0587910578501306e-22,
                1.058791120959003e-22,
                -1.5707961320877075
            ]
        },
        "Empty_RightHandIndex3": {
            "location": [
                -0.05835041403770447,
                -0.3187440037727356,
                1.4938956499099731
            ],
            "rotation": [
                1.0587910578501306e-22,
                1.058791120959003e-22,
                -1.5707961320877075
            ]
        },
        "Empty_RightHandMiddle1": {
            "location": [
                -0.07801420986652374,
                -0.2697352468967438,
                1.4800902605056763
            ],
            "rotation": [
                1.0587910578501306e-22,
                1.058791120959003e-22,
                -1.5707961320877075
            ]
        },
        "Empty_RightHandMiddle2": {
            "location": [
                -0.07607118785381317,
                -0.26153525710105896,
                1.4407000541687012
            ],
            "rotation": [
                1.0587910578501306e-22,
                1.058791120959003e-22,
                -1.5707961320877075
            ]
        },
        "Empty_RightHandMiddle3": {
            "location": [
                -0.07647119462490082,
                -0.24853524565696716,
                1.4642000198364258
            ],
            "rotation": [
                1.0587910578501306e-22,
                1.058791120959003e-22,
                -1.5707961320877075
            ]
        },
        "Empty_RightHandRing1": {
            "location": [
                -0.09340644627809525,
                -0.2648184299468994,
                1.4802610874176025
            ],
            "rotation": [
                1.0587910578501306e-22,
                1.058791120959003e-22,
                -1.5707961320877075
            ]
        },
        "Empty_RightHandRing2": {
            "location": [
                -0.09137119352817535,
                -0.26843926310539246,
                1.451324462890625
            ],
            "rotation": [
                1.0587910578501306e-22,
                1.058791120959003e-22,
                -1.5707961320877075
            ]
        },
        "Empty_RightHandRing3": {
            "location": [
                -0.09022270143032074,
                -0.24693524837493896,
                1.4625147581100464
            ],
            "rotation": [
                1.0587910578501306e-22,
                1.058791120959003e-22,
                -1.5707961320877075
            ]
        },
        "Empty_RightHandPinky1": {
            "location": [
                -0.10797252506017685,
                -0.2652352452278137,
                1.4737358093261719
            ],
            "rotation": [
                1.0587910578501306e-22,
                1.058791120959003e-22,
                -1.5707961320877075
            ]
        },
        "Empty_RightHandPinky2": {
            "location": [
                -0.1047711968421936,
                -0.26297062635421753,
                1.4512193202972412
            ],
            "rotation": [
                1.0587910578501306e-22,
                1.058791120959003e-22,
                -1.5707961320877075
            ]
        },
        "Empty_RightHandPinky3": {
            "location": [
                -0.0999879240989685,
                -0.2499212771654129,
                1.464802861213684
            ],
            "rotation": [
                1.0587910578501306e-22,
                1.058791120959003e-22,
                -1.5707961320877075
            ]
        }
    }
}